Ministère;Catégorie;2014;2015;LFR 2015;2016;2017;LFR 2017;2018;LFR 2018;2019;FLR 2019;LFI 2020;LFR 2020;LFI 2021;LFR 2021;LFI 2022;LFR 2022;LFI 2023;LFI 2024;LFR 2024;LFI 2025;LFI 2026;LFR 2026
PRESIDENCE DE LA REPUBLIQUE;INSTITUTIONS SUPREMES DE L'ETAT;50005566;47203197;66333980;100876196;105345994;109622522;132840069;132298106;178450343;237140217;215231906;210930935;191996674;196641966;219288714;218785316;338487175;264127196;177106350;224679921;313923999;249279019
SENAT;INSTITUTIONS SUPREMES DE L'ETAT;9000001;12327000;10944346;15477000;22310400;21966024;25153000;25153000;33823000;22091333;15524954;16524954;16558322;16541322;19982670;19214721;19107696;22176354;22123979;21323037;23257716;14237322
ASSEMBLEE NATIONALE;INSTITUTIONS SUPREMES DE L'ETAT;30277837;35087000;28817647;35506000;46111000;47829680;50553000;50553000;59931550;38592416;47511935;52511935;50658125;50527125;79505006;79422506;79560837;87453743;87401368;85895450;76810164;89872200
HAUTE COUR CONSTITUTIONNELLE;INSTITUTIONS SUPREMES DE L'ETAT;5096909;5727000;4995242;6166400;6345000;6510259;7295821;7295821;9954000;9587750;9105331;9181831;9181831;9117831;9741361;9360896;9060896;11936376;11936376;9312620;8942359;9649936
PRIMATURE;INSTITUTIONS SUPREMES DE L'ETAT;81503820;87262987;101149053;76097250;100686631;189239090;146296067;163916082;198859297;204015220;120274932;124259784;264273252;263678335;162635886;164922352;235430850;329632624;278303587;339884972;633378384;181120670
CONSEIL DU FAMPIHAVANANA MALAGASY;INSTITUTIONS SUPREMES DE L'ETAT;5675300;5726500;4507152;5693500;6151000;5884824;7123000;7123000;9351000;7194332;8005122;8005122;7765574;7762574;7011074;6795931;6795931;6779147;6685097;6333852;6370872;4070872
COMMISSION ELECTORALE NATIONALE INDEPENDANTE;INSTITUTIONS SUPREMES DE L'ETAT;0;0;0;0;11298000;11563793;52064269;52064269;44352890;43915167;35908243;15218243;15027612;14840612;12228605;43515288;68668822;113287882;113287882;16371418;60925212;50357846
MINISTERE D'ETAT AUPRES DE LA PRESIDENCE EN CHARGE DE LA REFONDATION;INSTITUTIONS SUPREMES DE L'ETAT;0;0;0;0;0;0;0;0;0;0;0;0;0;0;0;0;0;0;0;0;6862060;42862060
FORCES ARMEES;DEFENSE ET SECURITE;0;0;0;0;0;0;0;0;0;0;0;0;0;0;0;0;0;0;0;0;615421878;667421134
AFFAIRES ETRANGERES;AFFAIRES ETRANGERES ET COOPERATION;63190464;63930579;40041252;48404070;58250691;60507830;48473033;68145442;80187154;67883000;81059309;73260079;84508558;82667985;95776106;81671811;84970048;104881004;99222065;104718813;91238797;100930910
DEFENSE NATIONALE;DEFENSE ET SECURITE;172618347;180347566;172880492;194767105;208659216;207848521;242847941;244161782;278317537;302248815;407049777;332778847;389979466;378413141;421204845;405590618;475362959;563224487;557014688;543155008;0;0
SECRETARIAT D'ETAT AUPRES DU DEFENSE NATIONALE CHARGE DE LA GENDARMERIE NATIONALE;DEFENSE ET SECURITE;0;0;0;0;0;0;0;0;283739988;0;0;0;0;0;357433507;353946945;0;0;0;0;0;0
SECRETARIAT D'ETAT AUPRES DU AFFAIRES ETRANGERES CHARGE DE LA COOPERATION ET DU DEVELOPPEMENT;AFFAIRES ETRANGERES ET COOPERATION;0;0;0;0;0;1692000;4203641;0;0;0;0;0;0;0;0;0;0;0;0;0;0;0
MINISTERE DELEGUE CHARGE DE LA GENDARMERIE;DEFENSE ET SECURITE;0;0;0;0;0;0;0;0;0;0;0;0;0;0;0;0;0;0;0;446427720;511192422;576192422
SECRETARIAT D'ETAT CHARGE DE LA GENDARMERIE;DEFENSE ET SECURITE;156355415;168203357;167440509;182135872;196669787;191437052;244578083;246138433;0;283294221;348577533;325261818;317693784;309485072;0;0;407296083;434714330;414766371;0;0;0
SECRETARIAT D'ETAT CHARGE DES NOUVELLES VILLES ET DE L'HABITAT AUPRES DE LA PRESIDENCE DE LA REPUBLIQUE;INFRASTRUCTURES ET TRANSPORTS;0;0;0;0;0;0;0;0;0;0;0;0;0;0;74326902;69172870;356741256;274406324;247070882;138786098;0;0
SECRETARIAT D'ETAT EN CHARGE DE LA SOUVERAINETE ALIMENTAIRE;AGRICULTURE ET DEVELOPPEMENT RURAL;0;0;0;0;0;0;0;0;0;0;0;0;0;0;0;0;0;0;0;127281299;0;0
MINISTÈRE AUPRÈS DE LA PRÉSIDENCE CHARGÉ DES RESSOURCES STRATÉGIQUES;ECONOMIE ET FINANCES;8649865;9082803;4340267;8148762;10061165;11875612;14608118;14837551;0;0;0;0;0;0;0;0;0;0;0;0;0;0
ECONOMIE ET DES FINANCES;ECONOMIE ET FINANCES;0;0;0;0;0;0;0;0;0;1804539049;2018668817;2729802927;2474094645;2949586477;2672902978;2331108271;2676596172;2985558584;2847987632;2332653697;2678253393;2978241926
ECONOMIE ET DE LA PLANIFICATION;ECONOMIE ET FINANCES;9114089;9605435;9454956;11786929;16896798;36350127;61016599;61688796;0;0;0;0;0;0;0;0;0;0;0;0;0;0
INTERIEUR ET DE LA DECENTRALISATION;ADMINISTRATION TERRITORIALE ET SECURITE PUBLIQUE;106677740;113687385;73036108;146695301;237314519;261521760;216925187;243945850;213836452;244761896;370751317;398418215;394552281;360412400;463426576;522621939;840815231;572096878;0;0;364177850;572137188
INTERIEUR;ADMINISTRATION TERRITORIALE ET SECURITE PUBLIQUE;0;0;0;0;0;0;0;0;0;0;0;0;0;0;0;0;0;0;150249530;134718719;0;0
DECENTRALISATION ET DE L'AMENAGEMENT DU TERRITOIRE;ADMINISTRATION TERRITORIALE ET SECURITE PUBLIQUE;0;0;0;0;0;0;0;0;0;0;0;0;0;0;0;0;0;0;356849378;568080383;0;0
MINISTÈRE D'ETAT CHARGÉ DES INFRASTRUCTURES, DE L'EQUIPEMENT ET DE L'AMÉNAGEMENT DU TERRITOIRE;INFRASTRUCTURES ET TRANSPORTS;81948346;64559797;75530603;206048093;363777388;342179858;480718498;227115097;0;0;0;0;0;0;0;0;0;0;0;0;0;0
SECURITE PUBLIQUE;ADMINISTRATION TERRITORIALE ET SECURITE PUBLIQUE;96569382;107198489;90759388;102318275;112671927;110118622;144879956;146775567;161576510;160015158;188834804;173007746;202753612;194942711;184597158;192325262;222919477;245248898;228315044;229249937;278902579;266535875
JUSTICE;ADMINISTRATION TERRITORIALE ET SECURITE PUBLIQUE;86708297;89909990;82233235;93401407;102446822;104079282;126180251;128575439;174205979;161671688;182032796;163679579;219389695;201403000;178232604;169767710;217313390;222237054;199561238;219767142;251327004;210481316
AMENAGEMENT DU TERRITOIRE, DE L'HABITAT ET DES TRAVAUX PUBLICS;INFRASTRUCTURES ET TRANSPORTS;0;0;0;0;0;0;0;0;0;1003373409;1201649975;1166248728;1358293465;1104565668;0;0;0;0;0;0;0;0
AMENAGEMENT DU TERRITOIRE ET DES SERVICES FONCIERS;INFRASTRUCTURES ET TRANSPORTS;0;0;0;0;0;0;0;0;0;0;0;0;0;0;259921282;253493360;254255828;189913205;0;0;255656601;234153088
EDUCATION NATIONALE ET DE L'ENSEIGNEMENT TECHNIQUE ET PROFESSIONNEL;EDUCATION ET FORMATION;0;0;0;0;0;0;0;0;0;1252795428;1345372950;1305330816;0;0;0;0;0;0;0;0;0;0
AGRICULTURE, DE L'ELEVAGE ET DE LA PECHE;AGRICULTURE ET DEVELOPPEMENT RURAL;0;0;0;0;0;0;0;0;0;571225496;705983752;624879465;544933450;473182774;0;0;0;0;0;0;0;0
AGRICULTURE ET DU DEVELOPPEMENT RURAL;AGRICULTURE ET DEVELOPPEMENT RURAL;255759135;261759157;279085699;238580826;508356741;536071840;471967360;408444312;0;0;0;0;0;0;0;0;0;0;0;0;0;0
ELEVAGE;AGRICULTURE ET DEVELOPPEMENT RURAL;0;0;0;0;0;0;0;0;0;0;0;0;0;0;0;0;0;0;0;0;0;16913113
ELEVAGE ET DE LA PROTECTION ANIMALE;AGRICULTURE ET DEVELOPPEMENT RURAL;13618121;13920277;10159176;14745377;50148117;47189070;0;0;0;0;0;0;0;0;0;0;0;0;0;0;0;0
FINANCES ET DU BUDGET;ECONOMIE ET FINANCES;1064593691;1316736316;1995082782;1450672508;1686923257;2053091286;1453323155;1622327699;1577539740;0;0;0;0;0;0;0;0;0;0;0;0;0
EAU;RESSOURCES NATURELLES ET ENERGIE;36048661;34567492;43985440;46260591;98988549;219132266;325273492;107636372;0;0;0;0;0;0;0;0;0;0;0;0;0;0
EAU DE L'ASSAINISSEMENT ET DE L'HYGIENE;RESSOURCES NATURELLES ET ENERGIE;0;0;0;0;0;0;0;0;0;0;0;121809863;161689062;65856694;293950110;0;719880636;596645042;306062603;600240461;474389071;442948635
ENERGIE;RESSOURCES NATURELLES ET ENERGIE;23848704;27904494;22758813;60900537;167214773;0;4306004;140843606;0;0;0;0;0;0;0;0;0;0;0;0;0;0
ENERGIE, DE L'EAU ET DES HYDROCARBURES;RESSOURCES NATURELLES ET ENERGIE;0;0;0;0;0;0;0;0;0;291886852;341730934;0;0;0;0;0;0;0;0;0;0;0
ENERGIE ET DES HYDROCARBURES;RESSOURCES NATURELLES ET ENERGIE;0;0;0;0;0;0;0;0;144134559;0;0;175541957;236332014;166562005;327435319;362128375;527728730;808169391;407875690;1331968355;2049362929;2143432177
ECONOMIE ET DU PLAN;ECONOMIE ET FINANCES;0;0;0;0;0;0;0;0;25091166;0;0;0;0;0;0;0;0;0;0;0;0;0
MINES ET DES RESSOURCES STRATEGIQUES;RESSOURCES NATURELLES ET ENERGIE;0;0;0;0;0;0;0;0;0;15163718;30131285;21932742;21178319;17653388;21882225;18608652;19821819;20380536;0;18135447;0;0
MINES;RESSOURCES NATURELLES ET ENERGIE;0;0;0;0;0;0;0;0;0;0;0;0;0;0;0;0;0;0;18289262;0;18347220;23513689
FONCTION PUBLIQUE DE LA REFORME DE L'ADMINISTRATION DU TRAVAIL DE L'EMPLOI ET DES LOIS SOCIALES;TRAVAIL ET FONCTION PUBLIQUE;0;0;0;0;0;0;0;0;28536690;0;0;0;0;0;0;0;0;0;0;0;0;0
MINISTÈRE DE L'EMPLOI, DE L'ENSEIGNEMENT TECHNIQUE ET DE LA FORMATION PROFESSIONNELLE;TRAVAIL ET FONCTION PUBLIQUE;37651851;39736061;30661164;41963840;48579692;45653105;59326650;57765481;0;0;0;0;0;0;0;0;0;0;0;0;0;0
MINISTÈRE DE LA FONCTION PUBLIQUE DU TRAVAIL ET DES LOIS SOCIALES;TRAVAIL ET FONCTION PUBLIQUE;16102085;16127970;13109239;17738034;20916851;18818097;22553306;25552373;0;0;0;0;0;0;0;0;0;0;0;0;0;0
TRANSPORTS, DU TOURISME ET DE LA METEOROLOGIE;INFRASTRUCTURES ET TRANSPORTS;0;0;0;0;0;0;0;0;0;110276298;99484364;77125079;58745626;140559360;0;0;0;0;0;0;0;0
TRAVAIL, DE L’EMPLOI, DE LA FONCTION PUBLIQUE ET DES LOIS SOCIALES;TRAVAIL ET FONCTION PUBLIQUE;0;0;0;0;0;0;0;0;0;27036906;30040742;24257180;28632872;25664429;29202482;28095264;31578643;32969978;0;0;0;0
TRAVAIL DE L'EMPLOI ET DE LA FONCTION PUBLIQUE;TRAVAIL ET FONCTION PUBLIQUE;0;0;0;0;0;0;0;0;0;0;0;0;0;0;0;0;0;0;31786607;33678671;37249651;33163752
INDUSTRIE, DU COMMERCE ET DE L'ARTISANAT;INDUSTRIE ET COMMERCE;0;0;0;0;0;0;0;0;0;46105178;73798013;103938957;209362576;99358033;0;0;0;0;0;0;0;0
ENVIRONNEMENT ET DU DEVELOPPEMENT DURABLE;ENVIRONNEMENT ET RESSOURCES NATURELLES;0;0;0;0;0;0;0;0;0;101006166;132623335;113918034;86913218;58067264;191637156;91366977;106822838;170854448;94401087;188799284;181663478;222936779
INDUSTRIE DU DEVELOPPEMENT DU SECTEUR PRIVE;INDUSTRIE ET COMMERCE;0;0;0;0;0;0;0;0;12055989;0;0;0;0;0;0;0;0;0;0;0;101732483;0
MINISTÈRE DE L'INDUSTRIE DU DÉVELOPPEMENT DU SECTEUR PRIVÉ ET DES PETITES ET MOYENNES ENTREPRISES;INDUSTRIE ET COMMERCE;11485536;10760468;13766666;13825961;12066894;11337815;10994013;11513227;0;0;0;0;0;0;0;0;0;0;0;0;0;0
INDUSTRIALISATION ET DU DEVELOPPEMENT DU SECTEUR PRIVE;INDUSTRIE ET COMMERCE;0;0;0;0;0;0;0;0;0;0;0;0;0;0;0;0;0;0;0;0;0;67832690
TOURISME;TOURISME ET CULTURE;7231131;7275665;0;0;10392985;9598419;13519327;13541562;15734272;0;0;0;0;0;11843832;10233400;10755877;16657334;0;0;0;0
TOURISME ET DE L'ARTISANAT;TOURISME ET CULTURE;0;0;0;0;0;0;0;0;0;0;0;0;0;0;0;0;0;0;19205370;43899282;16253799;17543140
INDUSTRIALISATION DU COMMERCE ET DE LA CONSOMMATION;INDUSTRIE ET COMMERCE;0;0;0;0;0;0;0;0;0;0;0;0;0;0;170490563;144727358;153336371;140601477;0;0;0;0
INDUSTRIALISATION ET DU COMMERCE;INDUSTRIE ET COMMERCE;0;0;0;0;0;0;0;0;0;0;0;0;0;0;0;0;0;0;113242854;119565408;0;0
COMMERCE ET DE LA CONSOMMATION;INDUSTRIE ET COMMERCE;17080324;18859305;26227218;37080025;42878071;44023602;35565681;36599762;44125076;0;0;0;0;0;0;0;0;0;0;0;81275724;62635734
COMMUNICATION ET DES RELATIONS AVEC LES INSTITUTIONS;TOURISME ET CULTURE;15034739;14285657;11128375;14749512;17945563;16908270;19250325;19209633;20994727;0;0;0;0;0;0;0;0;0;0;0;0;0
AGRICULTURE ET DE L'ELEVAGE;AGRICULTURE ET DEVELOPPEMENT RURAL;0;0;0;0;0;0;0;0;507898649;0;0;0;0;0;584823633;610668414;963548336;654858071;469805360;795500680;957591897;15054990
AGRICULTURE ET DE LA SOUVERAINETE ALIMENTAIRE;AGRICULTURE ET DEVELOPPEMENT RURAL;0;0;0;0;0;0;0;0;0;0;0;0;0;0;0;0;0;0;0;0;0;905576489
RESSOURCES HALIEUTIQUES ET DE LA PECHE;AGRICULTURE ET DEVELOPPEMENT RURAL;21413975;14427465;14888664;18076750;66469328;86380727;60854962;65678790;72693072;0;0;0;0;0;0;0;0;0;0;0;0;0
PECHE ET DE L'ECONOMIE BLEUE;AGRICULTURE ET DEVELOPPEMENT RURAL;0;0;0;0;0;0;0;0;0;0;0;0;0;0;45559202;46639277;95217033;37966915;29864431;28787068;41207430;41170423
ENVIRONNEMENT DE L'ECOLOGIE ET DES FORETS;ENVIRONNEMENT ET RESSOURCES NATURELLES;47482053;30054285;78309804;55746744;3987153;3643099;80860262;82305080;92642436;0;0;0;0;0;0;0;0;0;0;0;0;0
COMMUNICATION ET DE LA CULTURE;TOURISME ET CULTURE;0;0;0;0;0;0;0;0;0;49235091;51556692;59414758;38815247;26814315;23207543;27135356;37792465;46109475;38351560;32130813;27680815;34057281
EAU DE L'ASSAINISSEMENT ET DE L'HYGIENE;RESSOURCES NATURELLES ET ENERGIE;0;0;0;0;0;0;0;0;141396144;0;0;0;0;0;0;277088108;0;0;0;0;0;0
MINES ET DU PETROLE;RESSOURCES NATURELLES ET ENERGIE;0;0;0;0;0;0;0;0;16500557;0;0;0;0;0;0;0;0;0;0;0;0;0
TRAVAUX PUBLICS ET DES INFRASTRUCTURES;INFRASTRUCTURES ET TRANSPORTS;0;0;0;0;0;0;0;0;882237464;0;0;0;0;0;0;0;0;0;0;0;0;0
TRAVAUX PUBLICS;INFRASTRUCTURES ET TRANSPORTS;167878265;231865909;176001608;226874784;564772692;540012412;761549383;723627790;0;0;0;0;0;0;1268087450;1391111099;1721398994;2079099528;1217348027;2327532853;1754312466;2126696984
AMENAGEMENT DU TERRITOIRE ET DES SERVICES FONCIERS;INFRASTRUCTURES ET TRANSPORTS;0;0;0;0;0;0;0;0;261072313;0;0;0;0;0;0;0;0;0;0;0;0;0
TRANSPORTS ET DE LA METEOROLOGIE;INFRASTRUCTURES ET TRANSPORTS;39121820;34038223;27562808;33911110;60717009;73274235;67729239;67660444;87048261;0;0;0;0;0;70691589;48303613;107403637;115856649;63884848;216338925;40546887;35483955
POSTES, DES TÉLÉCOMMUNICATIONS ET DES NOUVELLES TECHNOLOGIES;NUMERIQUE ET TELECOMMUNICATIONS;16414239;12119297;6974896;1964928;4892859;4505655;6435486;6449062;0;0;0;0;0;0;0;0;0;0;0;0;0;0
POSTES DES TELECOMMUNICATIONS ET DU DEVELOPPEMENT NUMERIQUE;NUMERIQUE ET TELECOMMUNICATIONS;0;0;0;0;0;0;0;0;85716486;15445735;14242918;11456992;47914371;20643964;0;0;0;0;8405805;8759132;32314223;35556745
DEVELOPPEMENT NUMERIQUE DE LA TRANSFORMATION DIGITALE DES POSTES ET DES TELECOMMUNICATIONS;NUMERIQUE ET TELECOMMUNICATIONS;0;0;0;0;0;0;0;0;0;0;0;0;0;0;49457990;47943781;63982843;11526959;0;0;0;0
SANTE PUBLIQUE;SANTE ET AFFAIRES SOCIALES;300345850;333050247;269626089;345269842;360847536;371025806;377344540;384906595;570505797;546751781;676032772;736432058;763722406;657762931;738032534;854439527;1194898948;1131839854;716643956;920978557;856144249;868583718
JEUNESSE ET DES SPORTS;JEUNESSE ET SPORTS;20051282;18710821;16312102;19474442;27627356;26458155;28450495;29416099;34162195;75302396;71653528;65993682;159862939;149842069;67255157;67262351;194486848;51201784;40541909;58050308;35216677;35576193
POPULATION DE LA PROTECTION SOCIALE ET DE LA PROMOTION DE LA FEMME;SANTE ET AFFAIRES SOCIALES;15676360;14596341;14792871;26205886;35527551;43560556;40264439;40494455;55390889;54443348;56992892;51288985;44162891;55969801;98361484;89874238;222282686;159556563;0;0;0;0
POPULATION ET DES SOLIDARITES;SANTE ET AFFAIRES SOCIALES;0;0;0;0;0;0;0;0;0;0;0;0;0;0;0;0;0;0;99107509;193396731;61614634;288929530
EDUCATION NATIONALE;EDUCATION ET FORMATION;720108590;714280148;648435822;810514975;873611395;944012438;1077479974;1099542382;1192705245;0;0;0;1407770677;1281477433;1316016567;1566087882;1736241862;1791247212;1532808699;1562023386;2315135552;2285421103
ENSEIGNEMENT TECHNIQUE ET DE LA FORMATION PROFESSIONNELLE;EDUCATION ET FORMATION;0;0;0;0;0;0;0;0;78566538;0;0;0;70718667;62025174;76808797;86345042;115085777;150605558;103656990;94826831;145069626;151325153
ENSEIGNEMENT SUPERIEUR ET DE LA RECHERCHE SCIENTIFIQUE;EDUCATION ET FORMATION;145653190;144211722;150541500;162953376;186961879;181343850;236189595;241797173;266615214;253469936;263477558;254745975;304258159;287660263;310053101;251061486;312959581;313232487;284206256;285619895;373458595;359566505
CULTURE DE LA PROMOTION DE L'ARTISANAT ET DE LA SAUVEGARDE DU PATRIMOINE;TOURISME ET CULTURE;9166591;8575683;5602700;9685646;12255203;11902646;13927130;15069219;16626821;0;0;0;0;0;0;0;0;0;0;0;0;0
ARTISANAT ET DES METIERS;INDUSTRIE ET COMMERCE;0;0;0;0;0;0;0;0;0;0;0;0;0;0;10543697;5398620;8482809;9646635;2525575;0;0;0